id,created_at,userName,email,phoneNumber,address,currency,language,firstName,lastName,avatar,dateOfBirth,country,city,suffix
ce75f016-d047-4f8a-b5c3-e7e91d4c3308,2025-04-16T11:56:50.225733+00,ahmedhassan,ahmed.hassan@shop.com,201234567890,,,,,,,,,,20
b29b9ab9-8c17-4d7b-b359-62b79abd8f6b,2025-04-16T11:56:56.217375+00,sarahbrown,sarah.brown@example.com,12025550123,,,,,,,,,,21
2fb3f202-5ad8-477d-b7b9-93a75f5d3696,2025-04-16T11:57:00.171477+00,mohamedali,mohamed.ali@shop.com,201345678901,,,,,,,,,,22
6c0cc6eb-3821-4c86-b732-fbb8acb90ce9,2025-04-16T11:57:05.743717+00,emilyjohnson,emily.johnson@example.com,447912345678,,,,,,,,,,23
b6d43341-b9d2-45b5-a19e-71af7b0af1f1,2025-04-16T11:57:10.645220+00,omarkhalid,omar.khalid@shop.com,201456789012,,,,,,,,,,24
e88884ba-911f-446a-9722-fca07529f3c3,2025-04-01T10:00:00.123456+00,priyasharma,priya.sharma@example.com,919876543210,,,,,,,,,,25
68865361-86ca-4eb4-801b-c3ef9f603467,2025-04-01T12:15:00.123456+00,johnsmith,john.smith@example.com,12035550124,,,,,,,,,,26
959fc046-f9c4-478b-bc91-bb07ed8bd2ba,2025-04-02T09:30:00.123456+00,fatimaomar,fatima.omar@shop.com,201567890123,,,,,,,,,,27
480775bd-ee1c-4618-ba1f-2929024d93f1,2025-04-02T14:45:00.123456+00,liamwilson,liam.wilson@example.com,447823456789,,,,,,,,,,28
a68a57a9-2a67-400c-8c85-ceac1639f738,2025-04-03T11:20:00.123456+00,ayamostafa,aya.mostafa@shop.com,201678901234,,,,,,,,,,29
68ab0e0c-90aa-42d5-ba37-cbf2fe08f748,2025-04-03T16:00:00.123456+00,sophiataylor,sophia.taylor@example.com,12045550125,,,,,,,,,,30
158791d4-c8d3-4236-b890-fcc99af08663,2025-04-04T08:50:00.123456+00,hassanibrahim,hassan.ibrahim@shop.com,201789012345,,,,,,,,,,31
d944d860-e8aa-4b7f-9459-72cf4353aa89,2025-04-04T13:25:00.123456+00,oliviamoore,olivia.moore@example.com,12055550126,,,,,,,,,,32
6557779c-120e-4696-a206-80ad37737a21,2025-04-05T10:10:00.123456+00,amnasalem,amna.salem@shop.com,971501234567,,,,,,,,,,33
1a7b6ed3-6ddf-4e04-910a-abb21a2e7762,2025-04-05T15:40:00.123456+00,jamesjackson,james.jackson@example.com,447934567890,,,,,,,,,,34
8cf5e661-3934-4eb0-a2d2-425fa5f27eef,2025-04-06T09:15:00.123456+00,nourhamed,nour.hamed@shop.com,201890123456,,,,,,,,,,35
47cd5ced-cb09-443e-865c-32eaf833ee57,2025-04-06T14:30:00.123456+00,avawhite,ava.white@example.com,61412345678,,,,,,,,,,36
df3b381c-3103-4ce8-8a1a-6bc24b6d9907,2025-04-07T11:55:00.123456+00,khalidyoussef,khalid.youssef@shop.com,201901234567,,,,,,,,,,37
64ce79a3-3dd9-4735-975a-4be230b03dda,2025-04-07T17:10:00.123456+00,miamartin,mia.martin@example.com,12065550127,,,,,,,,,,38
4c3d3e66-0510-4696-ac9c-b82f4de11ca9,2025-04-08T08:45:00.123456+00,layanahmed,layan.ahmed@shop.com,971512345678,,,,,,,,,,39
82eb95f6-8871-41e7-84db-c196b836a141,2025-04-08T12:20:00.123456+00,williamdavis,william.davis@example.com,447945678901,,,,,,,,,,40
45b20813-182b-4a99-a088-5e4a00d9e848,2025-04-09T10:05:00.123456+00,salmamahmoud,salma.mahmoud@shop.com,202012345678,,,,,,,,,,41
f6938627-9680-4233-abfe-42271bd02f9d,2025-04-09T15:50:00.123456+00,isabellajackson,isabella.jackson@example.com,12075550128,,,,,,,,,,42
15f1a414-5549-4213-9898-c9e7eeed92fc,2025-04-10T09:25:00.123456+00,adamnasser,adam.nasser@shop.com,202123456789,,,,,,,,,,43
a8090b3e-b393-4b35-9e6f-b413f0b70948,2025-04-10T14:00:00.123456+00,emmathomas,emma.thomas@example.com,447956789012,,,,,,,,,,44
b081e54d-8d6c-4460-8620-ec0365cbccc4,2025-04-11T11:30:00.123456+00,yarasaid,yara.said@shop.com,202234567890,,,,,,,,,,45
e3ca44be-ca65-4dfa-b310-b747a738d347,2025-04-11T16:15:00.123456+00,ethanmiller,ethan.miller@example.com,12085550129,,,,,,,,,,46
77099373-b666-4171-aae9-37eed4d412ee,2025-04-12T08:40:00.123456+00,zeinabrashid,zeinab.rashid@shop.com,971523456789,,,,,,,,,,18
5d9534b8-546a-465d-af04-51be9b646fb8,2025-04-12T13:55:00.123456+00,harperevans,harper.evans@example.com,61423456789,,,,,,,,,,17
b337d46a-45c4-433c-b2c3-173aac3e9254,2025-04-13T10:20:00.123456+00,tarekfarouk,tarek.farouk@shop.com,202345678901,,,,,,,,,,16
08b130e8-b542-4a58-945d-b79e88b4b581,2025-04-13T15:35:00.123456+00,lucasroberts,lucas.roberts@example.com,12095550130,,,,,,,,,,15
1b76a269-90d4-44e3-845e-df836bc85634,2025-04-14T09:00:00.123456+00,malakessam,malak.essam@shop.com,202456789012,,,,,,,,,,14
941faf95-3eb4-470a-8565-ef7603b4d219,2025-04-14T12:45:00.123456+00,charlottelee,charlotte.lee@example.com,12105550131,,,,,,,,,,13
70f72c85-cc1c-4af3-8c08-facdd7498a5d,2025-04-14T16:10:00.123456+00,ramisaeed,rami.saeed@shop.com,971534567890,,,,,,,,,,12
e1a8f54b-ed53-47b9-a4e5-0e4299f835c9,2025-04-14T18:25:00.123456+00,ameliagreen,amelia.green@example.com,447967890123,,,,,,,,,,11
